event_time,BNB_funding_rate,BNB_annual_rate,BTC_funding_rate,BTC_annual_rate,ETH_funding_rate,ETH_annual_rate,FARTCOIN_funding_rate,FARTCOIN_annual_rate,SOL_funding_rate,SOL_annual_rate,WIF_funding_rate,WIF_annual_rate
15:09:21,-2.128e-05,-2.33016,1.342e-05,1.46949,2.851e-05,3.121845,0.00088604,97.02138,-0.00013089,-14.332455,5e-05,5.4750000000000005
15:38:42,0.0,0.0,4.18e-06,0.4577099999999999,2.386e-05,2.61267,0.00065073,71.254935,-0.00021287,-23.309265,5e-05,5.4750000000000005
16:32:33,0.0,0.0,3.6e-07,0.03942,1.987e-05,2.175765,0.00011639,12.744705,-0.0002453,-26.86035,5e-05,5.4750000000000005
